{"stat.chestOpened":91,"stat.pickup.minecraft.bone":70,"stat.pickup.minecraft.sign":2,"stat.leaveGame":2,"stat.pickup.minecraft.iron_sword":5,"stat.pickup.minecraft.stone_pickaxe":4,"stat.useItem.minecraft.diamond_axe":58,"stat.pickup.minecraft.stone_axe":4,"stat.useItem.minecraft.diamond_sword":16,"stat.pickup.minecraft.fishing_rod":6,"stat.jump":1224,"stat.swimOneCm":5533,"stat.pickup.minecraft.coal":115,"stat.useItem.minecraft.experience_bottle":231,"stat.climbOneCm":39973,"stat.pickup.minecraft.enchanted_book":3,"stat.pickup.minecraft.iron_ingot":7,"stat.fallOneCm":211,"stat.pickup.minecraft.melon_seeds":20,"stat.useItem.minecraft.stone_axe":69,"stat.pickup.minecraft.gunpowder":80,"stat.pickup.minecraft.glass":15,"stat.crouchOneCm":8670,"stat.pickup.minecraft.blaze_powder":3,"stat.pickup.lootbags.itemlootbag":8,"stat.pickup.minecraft.dirt":3,"stat.pickup.minecraft.red_mushroom":18,"stat.useItem.minecraft.stone_slab2":696,"stat.pickup.minecraft.iron_boots":1,"stat.useItem.minecraft.water_bucket":22,"stat.craftingTableInteraction":1,"stat.pickup.minecraft.rotten_flesh":83,"stat.useItem.minecraft.diamond_hoe":81,"stat.pickup.minecraft.sand":8,"stat.pickup.minecraft.iron_axe":1,"stat.pickup.minecraft.feather":29,"stat.pickup.minecraft.leather":30,"stat.damageTaken":10,"stat.pickup.minecraft.name_tag":2,"stat.pickup.minecraft.bucket":6,"stat.useItem.minecraft.furnace":9,"stat.pickup.minecraft.cobblestone":2,"stat.pickup.minecraft.ender_eye":11,"stat.pickup.minecraft.dye":8,"stat.pickup.minecraft.planks":77,"stat.pickup.minecraft.reeds":41,"stat.pickup.minecraft.iron_leggings":1,"stat.killEntity.CaveSpider":8,"stat.flyOneCm":635260,"stat.pickup.minecraft.clay":19,"stat.pickup.minecraft.sandstone":63,"stat.useItem.minecraft.ender_pearl":3,"stat.pickup.minecraft.chainmail_chestplate":2,"stat.pickup.minecraft.brown_mushroom":11,"stat.pickup.minecraft.wheat_seeds":42,"stat.pickup.minecraft.potato":2,"stat.pickup.minecraft.fish":30,"stat.pickup.minecraft.rabbit_hide":1,"stat.useItem.minecraft.stone_pickaxe":5,"stat.pickup.minecraft.cactus":10,"stat.damageDealt":13389,"stat.pickup.minecraft.redstone":130,"stat.timeSinceDeath":97666,"stat.useItem.minecraft.crafting_table":2,"stat.pickup.minecraft.chainmail_boots":5,"stat.pickup.minecraft.record_13":2,"stat.pickup.minecraft.flint_and_steel":1,"stat.walkOneCm":233588,"stat.useItem.minecraft.torch":171,"stat.pickup.minecraft.golden_apple":6,"stat.pickup.minecraft.stick":71,"stat.useItem.minecraft.potato":1,"stat.pickup.minecraft.chainmail_helmet":8,"stat.furnaceInteraction":14,"stat.pickup.minecraft.iron_shovel":2,"stat.useItem.minecraft.lava_bucket":1,"stat.killEntity.Creeper":1,"stat.useItem.minecraft.golden_hoe":1,"stat.pickup.minecraft.string":124,"stat.drop.minecraft.sapling":1,"stat.pickup.minecraft.chainmail_leggings":4,"stat.pickup.minecraft.sapling":23,"stat.pickup.minecraft.ender_pearl":21,"stat.sprintOneCm":248294,"stat.pickup.minecraft.paper":1,"stat.pickup.minecraft.iron_chestplate":1,"stat.useItem.minecraft.cactus":174,"stat.pickup.minecraft.gold_ingot":114,"stat.killEntity.Skeleton":13,"stat.useItem.minecraft.flint_and_steel":15,"stat.useItem.minecraft.wheat_seeds":17,"stat.killEntity.WitherSkeleton":1,"stat.killEntity.Husk":2,"stat.pickup.minecraft.bread":17,"stat.pickup.minecraft.pumpkin_seeds":17,"stat.useItem.minecraft.ender_eye":98,"stat.pickup.minecraft.saddle":10,"stat.mobKills":50,"stat.pickup.minecraft.book":2,"stat.useItem.minecraft.bucket":1,"stat.pickup.minecraft.bowl":18,"stat.drop":1,"stat.pickup.minecraft.diamond":55,"stat.mineBlock.minecraft.leaves":1,"stat.pickup.minecraft.beetroot_seeds":4,"stat.pickup.minecraft.iron_horse_armor":2,"stat.playOneMinute":97666,"stat.pickup.minecraft.stone_button":3,"stat.pickup.minecraft.torch":24,"stat.useItem.minecraft.beetroot_seeds":3,"stat.sneakTime":2708,"stat.pickup.minecraft.wool":19,"stat.pickup.minecraft.rabbit":2,"stat.killEntity.Zombie":11,"stat.pickup.minecraft.stone_slab":65,"stat.diveOneCm":6874,"stat.pickup.minecraft.wheat":66,"stat.pickup.minecraft.chest":3}